<ImportExportXml xmlns:xsi="http://www.w3.org/2001/XMLSchema-instance">
  <Entities></Entities>
  <Roles></Roles>
  <Workflows></Workflows>
  <FieldSecurityProfiles></FieldSecurityProfiles>
  <Templates />
  <EntityMaps />
  <EntityRelationships />
  <OrganizationSettings />
  <optionsets />
  <WebResources>
    <WebResource>
      <WebResourceId>{fcb8e561-a927-ea11-a810-000d3ab75ccc}</WebResourceId>
      <Name>oss_/D365BoardView/html/index.html</Name>
      <DisplayName>/D365BoardView/html/index.html</DisplayName>
      <WebResourceType>1</WebResourceType>
      <IntroducedVersion>1.0</IntroducedVersion>
      <IsEnabledForMobileClient>0</IsEnabledForMobileClient>
      <IsAvailableForMobileOffline>0</IsAvailableForMobileOffline>
      <DependencyXml>&lt;Dependencies&gt;&lt;Dependency componentType="WebResource"/&gt;&lt;/Dependencies&gt;</DependencyXml>
      <IsCustomizable>1</IsCustomizable>
      <CanBeDeleted>1</CanBeDeleted>
      <IsHidden>0</IsHidden>
      <FileName>/WebResources/oss_D365BoardViewhtmlindexhtmlFCB8E561-A927-EA11-A810-000D3AB75CCC</FileName>
    </WebResource>
    <WebResource>
      <WebResourceId>{692f688e-a927-ea11-a810-000d3ab75ccc}</WebResourceId>
      <Name>oss_/D365BoardView/css/bootstrap.min.css</Name>
      <DisplayName>/D365BoardView/css/bootstrap.min.css</DisplayName>
      <WebResourceType>2</WebResourceType>
      <IntroducedVersion>1.0</IntroducedVersion>
      <IsEnabledForMobileClient>0</IsEnabledForMobileClient>
      <IsAvailableForMobileOffline>0</IsAvailableForMobileOffline>
      <DependencyXml>&lt;Dependencies&gt;&lt;Dependency componentType="WebResource"/&gt;&lt;/Dependencies&gt;</DependencyXml>
      <IsCustomizable>1</IsCustomizable>
      <CanBeDeleted>1</CanBeDeleted>
      <IsHidden>0</IsHidden>
      <FileName>/WebResources/oss_D365BoardViewcssbootstrapmincss692F688E-A927-EA11-A810-000D3AB75CCC</FileName>
    </WebResource>
    <WebResource>
      <WebResourceId>{66a8a5bd-a927-ea11-a810-000d3ab75ccc}</WebResourceId>
      <Name>oss_/D365BoardView/js/react.min.js</Name>
      <DisplayName>/D365BoardView/js/react.min.js</DisplayName>
      <WebResourceType>3</WebResourceType>
      <IntroducedVersion>1.0</IntroducedVersion>
      <IsEnabledForMobileClient>0</IsEnabledForMobileClient>
      <IsAvailableForMobileOffline>0</IsAvailableForMobileOffline>
      <DependencyXml>&lt;Dependencies&gt;&lt;Dependency componentType="WebResource"/&gt;&lt;/Dependencies&gt;</DependencyXml>
      <IsCustomizable>1</IsCustomizable>
      <CanBeDeleted>1</CanBeDeleted>
      <IsHidden>0</IsHidden>
      <FileName>/WebResources/oss_D365BoardViewjsreactminjs66A8A5BD-A927-EA11-A810-000D3AB75CCC</FileName>
    </WebResource>
    <WebResource>
      <WebResourceId>{918c51d8-a927-ea11-a810-000d3ab75ccc}</WebResourceId>
      <Name>oss_/D365BoardView/js/react_dom.min.js</Name>
      <DisplayName>/D365BoardView/js/react_dom.min.js</DisplayName>
      <WebResourceType>3</WebResourceType>
      <IntroducedVersion>1.0</IntroducedVersion>
      <IsEnabledForMobileClient>0</IsEnabledForMobileClient>
      <IsAvailableForMobileOffline>0</IsAvailableForMobileOffline>
      <DependencyXml>&lt;Dependencies&gt;&lt;Dependency componentType="WebResource"/&gt;&lt;/Dependencies&gt;</DependencyXml>
      <IsCustomizable>1</IsCustomizable>
      <CanBeDeleted>1</CanBeDeleted>
      <IsHidden>0</IsHidden>
      <FileName>/WebResources/oss_D365BoardViewjsreact_domminjs918C51D8-A927-EA11-A810-000D3AB75CCC</FileName>
    </WebResource>
    <WebResource>
      <WebResourceId>{f00f69fe-a927-ea11-a810-000d3ab75ccc}</WebResourceId>
      <Name>oss_/D365BoardView/js/app.js</Name>
      <DisplayName>/D365BoardView/js/app.js</DisplayName>
      <WebResourceType>3</WebResourceType>
      <IntroducedVersion>1.0</IntroducedVersion>
      <IsEnabledForMobileClient>0</IsEnabledForMobileClient>
      <IsAvailableForMobileOffline>0</IsAvailableForMobileOffline>
      <DependencyXml>&lt;Dependencies&gt;&lt;Dependency componentType="WebResource"/&gt;&lt;/Dependencies&gt;</DependencyXml>
      <IsCustomizable>1</IsCustomizable>
      <CanBeDeleted>1</CanBeDeleted>
      <IsHidden>0</IsHidden>
      <FileName>/WebResources/oss_D365BoardViewjsappjsF00F69FE-A927-EA11-A810-000D3AB75CCC</FileName>
    </WebResource>
    <WebResource>
      <WebResourceId>{dce1a3ba-b627-ea11-a810-000d3ab75ccc}</WebResourceId>
      <Name>oss_/D365BoardView/config/default.json</Name>
      <DisplayName>/D365BoardView/config/default.json</DisplayName>
      <WebResourceType>4</WebResourceType>
      <IntroducedVersion>1.0</IntroducedVersion>
      <IsEnabledForMobileClient>0</IsEnabledForMobileClient>
      <IsAvailableForMobileOffline>0</IsAvailableForMobileOffline>
      <DependencyXml>&lt;Dependencies&gt;&lt;Dependency componentType="WebResource"/&gt;&lt;/Dependencies&gt;</DependencyXml>
      <IsCustomizable>1</IsCustomizable>
      <CanBeDeleted>1</CanBeDeleted>
      <IsHidden>0</IsHidden>
      <FileName>/WebResources/oss_D365BoardViewconfigdefaultjsonDCE1A3BA-B627-EA11-A810-000D3AB75CCC</FileName>
    </WebResource>
  </WebResources>
  <CustomControls />
  <EntityDataProviders />
  <Languages>
    <Language>1033</Language>
  </Languages>
</ImportExportXml>