<ImportExportXml version="9.1.0.12056" SolutionPackageVersion="9.1" languagecode="1033" generatedBy="CrmLive" xmlns:xsi="http://www.w3.org/2001/XMLSchema-instance">
  <SolutionManifest>
    <UniqueName>D365BoardView</UniqueName>
    <LocalizedNames>
      <LocalizedName description="D365 Kanban" languagecode="1033" />
    </LocalizedNames>
    <Descriptions />
    <Version>1.0</Version>
    <Managed>0</Managed>
    <Publisher>
      <UniqueName>xrmoss</UniqueName>
      <LocalizedNames>
        <LocalizedName description="XRM OSS" languagecode="1033" />
      </LocalizedNames>
      <Descriptions />
      <EMailAddress xsi:nil="true"></EMailAddress>
      <SupportingWebsiteUrl xsi:nil="true"></SupportingWebsiteUrl>
      <CustomizationPrefix>oss</CustomizationPrefix>
      <CustomizationOptionValuePrefix>86391</CustomizationOptionValuePrefix>
      <Addresses>
        <Address>
          <AddressNumber>1</AddressNumber>
          <AddressTypeCode>1</AddressTypeCode>
          <City xsi:nil="true"></City>
          <County xsi:nil="true"></County>
          <Country xsi:nil="true"></Country>
          <Fax xsi:nil="true"></Fax>
          <FreightTermsCode xsi:nil="true"></FreightTermsCode>
          <ImportSequenceNumber xsi:nil="true"></ImportSequenceNumber>
          <Latitude xsi:nil="true"></Latitude>
          <Line1 xsi:nil="true"></Line1>
          <Line2 xsi:nil="true"></Line2>
          <Line3 xsi:nil="true"></Line3>
          <Longitude xsi:nil="true"></Longitude>
          <Name xsi:nil="true"></Name>
          <PostalCode xsi:nil="true"></PostalCode>
          <PostOfficeBox xsi:nil="true"></PostOfficeBox>
          <PrimaryContactName xsi:nil="true"></PrimaryContactName>
          <ShippingMethodCode>1</ShippingMethodCode>
          <StateOrProvince xsi:nil="true"></StateOrProvince>
          <Telephone1 xsi:nil="true"></Telephone1>
          <Telephone2 xsi:nil="true"></Telephone2>
          <Telephone3 xsi:nil="true"></Telephone3>
          <TimeZoneRuleVersionNumber xsi:nil="true"></TimeZoneRuleVersionNumber>
          <UPSZone xsi:nil="true"></UPSZone>
          <UTCOffset xsi:nil="true"></UTCOffset>
          <UTCConversionTimeZoneCode xsi:nil="true"></UTCConversionTimeZoneCode>
        </Address>
        <Address>
          <AddressNumber>2</AddressNumber>
          <AddressTypeCode>1</AddressTypeCode>
          <City xsi:nil="true"></City>
          <County xsi:nil="true"></County>
          <Country xsi:nil="true"></Country>
          <Fax xsi:nil="true"></Fax>
          <FreightTermsCode xsi:nil="true"></FreightTermsCode>
          <ImportSequenceNumber xsi:nil="true"></ImportSequenceNumber>
          <Latitude xsi:nil="true"></Latitude>
          <Line1 xsi:nil="true"></Line1>
          <Line2 xsi:nil="true"></Line2>
          <Line3 xsi:nil="true"></Line3>
          <Longitude xsi:nil="true"></Longitude>
          <Name xsi:nil="true"></Name>
          <PostalCode xsi:nil="true"></PostalCode>
          <PostOfficeBox xsi:nil="true"></PostOfficeBox>
          <PrimaryContactName xsi:nil="true"></PrimaryContactName>
          <ShippingMethodCode>1</ShippingMethodCode>
          <StateOrProvince xsi:nil="true"></StateOrProvince>
          <Telephone1 xsi:nil="true"></Telephone1>
          <Telephone2 xsi:nil="true"></Telephone2>
          <Telephone3 xsi:nil="true"></Telephone3>
          <TimeZoneRuleVersionNumber xsi:nil="true"></TimeZoneRuleVersionNumber>
          <UPSZone xsi:nil="true"></UPSZone>
          <UTCOffset xsi:nil="true"></UTCOffset>
          <UTCConversionTimeZoneCode xsi:nil="true"></UTCConversionTimeZoneCode>
        </Address>
      </Addresses>
    </Publisher>
    <RootComponents>
      <RootComponent type="1" schemaName="oss_notification" behavior="0" />
      <RootComponent type="1" schemaName="oss_subscription" behavior="0" />
      <RootComponent type="1" schemaName="systemuser" behavior="2" />
      <RootComponent type="60" id="{3217e3b4-ebbb-4ee8-a77b-a9728a5e7208}" behavior="0" />
      <RootComponent type="60" id="{76b02097-3bd9-41b6-b4b3-778662758400}" behavior="0" />
      <RootComponent type="61" schemaName="oss_/D365BoardView/config/default.json" behavior="0" />
      <RootComponent type="61" schemaName="oss_/D365BoardView/css/bootstrap.min.css" behavior="0" />
      <RootComponent type="61" schemaName="oss_/D365BoardView/html/index.html" behavior="0" />
      <RootComponent type="61" schemaName="oss_/D365BoardView/js/app.js" behavior="0" />
      <RootComponent type="61" schemaName="oss_/D365BoardView/js/exampleExternalScript.js" behavior="0" />
      <RootComponent type="61" schemaName="oss_/D365BoardView/js/react.min.js" behavior="0" />
      <RootComponent type="61" schemaName="oss_/D365BoardView/js/react_dom.min.js" behavior="0" />
      <RootComponent type="62" schemaName="oss_BoardView" behavior="0" />
      <RootComponent type="80" schemaName="oss_BoardView" behavior="0" />
      <RootComponent type="91" id="{7047f3ca-26d3-431d-a8f7-4c0656ebd05f}" schemaName="D365.Kanban.Plugins, Version=0.0.0.0, Culture=neutral, PublicKeyToken=cfb021492fd84ce3" behavior="0" />
      <RootComponent type="92" id="{7e818bed-463f-ea11-a812-000d3a2112ae}" behavior="0" />
      <RootComponent type="92" id="{de17ce8f-463f-ea11-a812-000d3a2112ae}" behavior="0" />
    </RootComponents>
    <MissingDependencies>
      <MissingDependency>
        <Required key="0" type="1" schemaName="incident" displayName="Case" solution="msdynce_Service (9.0.5.56)" />
        <Dependent key="1" type="80" schemaName="oss_BoardView" displayName="Board View" />
      </MissingDependency>
      <MissingDependency>
        <Required key="0" type="1" schemaName="incident" displayName="Case" solution="msdynce_Service (9.0.5.56)" />
        <Dependent key="2" type="10" schemaName="oss_incident_oss_notification_incidentid" displayName="oss_incident_oss_notification_incidentid" parentSchemaName="incident" parentDisplayName="Case" />
      </MissingDependency>
      <MissingDependency>
        <Required key="0" type="1" schemaName="incident" displayName="Case" solution="msdynce_Service (9.0.5.56)" />
        <Dependent key="3" type="10" schemaName="oss_incident_oss_subscription_incidentid" displayName="oss_incident_oss_subscription_incidentid" parentSchemaName="incident" parentDisplayName="Case" />
      </MissingDependency>
      <MissingDependency>
        <Required key="4" type="2" schemaName="title" displayName="Case Title" parentSchemaName="incident" parentDisplayName="Case" solution="msdynce_Service (9.0.5.56)" />
        <Dependent key="3" type="10" schemaName="oss_incident_oss_subscription_incidentid" displayName="oss_incident_oss_subscription_incidentid" parentSchemaName="incident" parentDisplayName="Case" />
      </MissingDependency>
      <MissingDependency>
        <Required key="4" type="2" schemaName="title" displayName="Case Title" parentSchemaName="incident" parentDisplayName="Case" solution="msdynce_Service (9.0.5.56)" />
        <Dependent key="2" type="10" schemaName="oss_incident_oss_notification_incidentid" displayName="oss_incident_oss_notification_incidentid" parentSchemaName="incident" parentDisplayName="Case" />
      </MissingDependency>
      <MissingDependency>
        <Required key="5" type="2" schemaName="incidentid" displayName="Case" parentSchemaName="incident" parentDisplayName="Case" solution="msdynce_Service (9.0.5.56)" />
        <Dependent key="2" type="10" schemaName="oss_incident_oss_notification_incidentid" displayName="oss_incident_oss_notification_incidentid" parentSchemaName="incident" parentDisplayName="Case" />
      </MissingDependency>
      <MissingDependency>
        <Required key="5" type="2" schemaName="incidentid" displayName="Case" parentSchemaName="incident" parentDisplayName="Case" solution="msdynce_Service (9.0.5.56)" />
        <Dependent key="3" type="10" schemaName="oss_incident_oss_subscription_incidentid" displayName="oss_incident_oss_subscription_incidentid" parentSchemaName="incident" parentDisplayName="Case" />
      </MissingDependency>
      <MissingDependency>
        <Required key="0" type="1" schemaName="incident" displayName="Case" solution="msdynce_Service (9.0.5.56)" />
        <Dependent key="6" type="92" displayName="D365.Kanban.Plugins.CreateNotification: Update of incident" id="{7e818bed-463f-ea11-a812-000d3a2112ae}" />
      </MissingDependency>
      <MissingDependency>
        <Required key="7" type="2" schemaName="description" displayName="Description" parentSchemaName="incident" parentDisplayName="Case" solution="msdynce_Service (9.0.5.56)" />
        <Dependent key="6" type="92" displayName="D365.Kanban.Plugins.CreateNotification: Update of incident" id="{7e818bed-463f-ea11-a812-000d3a2112ae}" />
      </MissingDependency>
      <MissingDependency>
        <Required key="8" type="2" schemaName="escalatedon" displayName="Escalated On" parentSchemaName="incident" parentDisplayName="Case" solution="msdynce_Service (9.0.5.56)" />
        <Dependent key="6" type="92" displayName="D365.Kanban.Plugins.CreateNotification: Update of incident" id="{7e818bed-463f-ea11-a812-000d3a2112ae}" />
      </MissingDependency>
      <MissingDependency>
        <Required key="9" type="61" schemaName="msdyn_/Images/AppModule_Default_Icon.png" displayName="msdyn_/Images/AppModule_Default_Icon.png" solution="AppModuleWebResources (2.5)" />
        <Dependent key="1" type="80" schemaName="oss_BoardView" displayName="Board View" />
      </MissingDependency>
    </MissingDependencies>
  </SolutionManifest>
</ImportExportXml>