<manifest><control namespace="oss" constructor="PowerKanban" version="1.0.103" display-name-key="PowerKanban" description-key="Advanced Kanban for D365 datasets" control-type="standard" api-version="1.2.3"><data-set name="entityDataSet" display-name-key="Dataset_Display_Key" cds-data-set-options="displayCommandBar:false;displayViewSelector:false;displayQuickFind:false" /><property name="configId" display-name-key="configId" description-key="ID of the JSON webresource that contains the config" of-type="SingleLine.Text" usage="input" required="true" /><resources><code path="bundle.js" order="1" /><css path="bootstrap.min.css" order="1" /></resources><feature-usage><uses-feature name="WebAPI" required="true" /><uses-feature name="Utility" required="true" /></feature-usage><built-by name="pac" version="1.3.3" /></control></manifest>